ID_CUSIP,ID_ISIN,Issuer,PARENT_COMP_NAME,CRNCY,Maturity,PX_LAST,MARKET_SECTOR_DES,ISSUER_INDUSTRY,INDUSTRY_SECTOR,Industry_Group,Industry_Subgroup,COLLAT_TYP,RTG_MOODY,RTG_SP,RTG_DBRS,RTG_FITCH,RTG_MDY_ISSUER,RTG_SP_LT_LC_ISSUER_CREDIT,RTG_DBRS_LT_ISSUER_RATING,RTG_FITCH_SEN_UNSECURED,Callable,Is_Subordinated,PRVT_PLACE,SERIES,GUARANTOR_TYPE,CNTRY_OF_INCORPORATION,CNTRY_OF_DOMICILE,Security_Type
845467208,US8454672085,SOUTHWESTERN ENERGY CO,#N/A,USD,1/15/2018,#N/A,Pfd,GAS TRANSMISSION,Energy,Oil&Gas,Oil Comp-Explor&Prodtn,NEW MONEY,#N/A,#N/A,#N/A,#N/A,#N/A,BB+,#N/A,#N/A,N,N,#N/A,,#N/A,US,US,PUBLIC
902494301,US9024943014,TYSON FOODS INC,#N/A,USD,7/15/2017,#N/A,Pfd,INDUSTRIAL,"Consumer, Non-cyclical",Food,Food-Meat Products,NEW MONEY,#N/A,#N/A,#N/A,#N/A,#N/A,BBB,#N/A,#N/A,N,N,#N/A,,#N/A,US,US,PUBLIC
00182FAY2,US00182FAY25,ANZ NEW ZEALAND INTL/LDN,ANZ New Zealand Int'l Ltd/New,USD,2/1/2019,#N/A,Corp,BANK,Financial,Banks,Commer Banks Non-US,COMPANY GUARNT,Aa3,AA-,#N/A,#N/A,#N/A,#N/A,#N/A,#N/A,N,N,#N/A,#N/A,Parent,NZ,GB,EURO-DOLLAR
00182FAZ9,US00182FAZ99,ANZ NEW ZEALAND INTL/LDN,ANZ New Zealand Int'l Ltd/New,USD,2/3/2021,#N/A,Corp,BANK,Financial,Banks,Commer Banks Non-US,COMPANY GUARNT,Aa3,AA-,#N/A,#N/A,#N/A,#N/A,#N/A,#N/A,N,N,#N/A,#N/A,Parent,NZ,GB,EURO-DOLLAR
04010LAM5,US04010LAM54,ARES CAPITAL CORP,#N/A,USD,1/15/2019,#N/A,Corp,FINANCIAL,Financial,Investment Companies,Investment Companies,SR UNSECURED,#N/A,BBB,#N/A,#N/A,WR,BBB,#N/A,#N/A,N,N,#N/A,#N/A,#N/A,US,US,US DOMESTIC
060505EL4,US060505EL47,BANK OF AMERICA CORP,#N/A,USD,#N/A,#N/A,Corp,BANK,Financial,Banks,Diversified Banking Inst,JR SUBORDINATED,Ba2,BB+,BBBL,#N/A,Baa1,BBB+,AL,#N/A,Y,Y,#N/A,#N/A,#N/A,US,US,US DOMESTIC
06417HS64,US06417HS643,BANK OF NOVA SCOTIA HOUS,Bank of Nova Scotia/The,USD,11/7/2016,#N/A,Corp,BANK,Financial,Banks,Commer Banks Non-US,CERT OF DEPOSIT,Aa3,#N/A,#N/A,#N/A,#N/A,#N/A,#N/A,#N/A,N,N,#N/A,#N/A,#N/A,CA,US,US DOMESTIC
126349AC3,US126349AC33,CSG SYSTEMS INTL INC,#N/A,USD,3/1/2017,#N/A,Corp,INDUSTRIAL,Technology,Software,Data Processing/Mgmt,SR SUBORDINATED,#N/A,#N/A,#N/A,#N/A,WR,BB+,#N/A,#N/A,N,Y,#N/A,#N/A,#N/A,US,US,PRIV PLACEMENT
172967KD2,US172967KD27,CITIGROUP INC,#N/A,USD,#N/A,#N/A,Corp,FINANCIAL,Financial,Banks,Diversified Banking Inst,JR SUBORDINATED,Ba2,#N/A,BBB,#N/A,#N/A,BBB+,A,#N/A,Y,Y,#N/A,#N/A,#N/A,US,US,GLOBAL
202712BD6,CA202712BD64,COMMONWEALTH BANK AUST,#N/A,CAD,4/9/2020,#N/A,Corp,BANK,Financial,Banks,Commer Banks Non-US,SR UNSECURED,Aa2,#N/A,AA,#N/A,#N/A,AA-,AA,#N/A,N,N,#N/A,#N/A,#N/A,AU,AU,EURO MTN
227107AE9,CA227107AE98,CROMBIE REAL ESTATE INVE,#N/A,CAD,3/31/2021,#N/A,Corp,INDUSTRIAL,Financial,REITS,REITS-Diversified,SUBORDINATED,#N/A,#N/A,#N/A,#N/A,#N/A,#N/A,WR,#N/A,Y,Y,#N/A,#N/A,#N/A,CA,CA,CANADIAN
30161N127,US30161N1274,EXELON CORP,#N/A,USD,6/1/2017,#N/A,Pfd,UTILITY - ELEC,Utilities,Electric,Electric-Integrated,NEW MONEY,#N/A,#N/A,#N/A,#N/A,Baa2,BBB,#N/A,#N/A,N,Y,#N/A,#N/A,#N/A,US,US,PUBLIC
3128E6BL0,US3128E6BL01,Freddie Mac,Freddie Mac,USD,4/1/2032,#N/A,Mtge,#N/A,Mortgage Securities,FGLMC Collateral,FGLMC Single Family 20yr,FGTW,#N/A,#N/A,#N/A,#N/A,#N/A,#N/A,#N/A,#N/A,N,#N/A,#N/A,#N/A,#N/A,#N/A,#N/A,MBS 20yr
31371KZB0,US31371KZB06,Fannie Mae,Fannie Mae,USD,2/1/2033,#N/A,Mtge,#N/A,Mortgage Securities,FNMA Collateral,FNMA Single Family 30yr,FNCL,#N/A,#N/A,#N/A,#N/A,#N/A,#N/A,#N/A,#N/A,N,#N/A,#N/A,#N/A,#N/A,#N/A,#N/A,MBS 30yr
31943BBL3,CA31943BBL32,FIRST CAP REALTY INC,#N/A,CAD,3/31/2018,#N/A,Corp,FINANCIAL,Financial,Real Estate,Real Estate Mgmnt/Servic,SUBORDINATED,#N/A,#N/A,#N/A,#N/A,#N/A,#N/A,#N/A,#N/A,Y,Y,#N/A,#N/A,#N/A,CA,CA,CANADIAN
36177TLX3,US36177TLX36,Government National Mortgage A,Ginnie Mae,USD,5/15/2042,#N/A,Mtge,#N/A,Mortgage Securities,GNMA Collateral,GNMA Single Family 30yr,GNSF,#N/A,#N/A,#N/A,#N/A,#N/A,#N/A,#N/A,#N/A,N,#N/A,#N/A,#N/A,#N/A,#N/A,#N/A,MBS 30yr
400653FP1,US400653FP16,GUAM PWR AUTH REVENUE,#N/A,USD,10/1/2034,#N/A,Muni,PWR,Government,Municipal,US Municipals,#N/A,Baa3,NR,,#N/A,,#N/A,#N/A,#N/A,#N/A,#N/A,Y,N,#N/A,#N/A,#N/A,#N/A,GU,"FIXED, OID"
404280AR0,US404280AR04,HSBC HOLDINGS PLC,#N/A,USD,#N/A,#N/A,Corp,BANK,Financial,Banks,Diversified Banking Inst,JR SUBORDINATED,Baa3,#N/A,#N/A,#N/A,#N/A,A,AAL,#N/A,Y,Y,#N/A,#N/A,#N/A,GB,GB,GLOBAL
44986UAC3,US44986UAC36,INEOS GROUP HOLDINGS SA,INEOS Holdings Luxembourg SA,USD,2/15/2019,#N/A,Corp,INDUSTRIAL,Basic Materials,Chemicals,Chemicals-Diversified,SECURED,B3,B-,#N/A,#N/A,WR,B+,#N/A,#N/A,Y,N,#N/A,#N/A,Subsidiaries,LU,LU,PRIV PLACEMENT
451055AF4,US451055AF44,ICONIX BRAND GROUP INC,#N/A,USD,3/15/2018,#N/A,Corp,INDUSTRIAL,"Consumer, Cyclical",Apparel,Footwear&Related Apparel,SR SUBORDINATED,#N/A,#N/A,#N/A,#N/A,#N/A,B,#N/A,#N/A,N,Y,#N/A,#N/A,#N/A,US,US,US DOMESTIC
458140AF7,US458140AF79,INTEL CORP,#N/A,USD,8/1/2039,#N/A,Corp,INDUSTRIAL,Technology,Semiconductors,Electronic Compo-Semicon,JR SUBORDINATED,A2,A-,#N/A,#N/A,#N/A,A+,#N/A,#N/A,N,Y,#N/A,#N/A,#N/A,US,US,US DOMESTIC
47787ZAW2,CA47787ZAW29,JOHN DEERE CANADA FND IN,John Deere Financial Inc,CAD,5/13/2022,#N/A,Corp,SPECIAL PURPOSE,Industrial,Machinery-Diversified,Machinery-Farm,COMPANY GUARNT,A2,A,A,#N/A,#N/A,#N/A,#N/A,#N/A,N,N,#N/A,#N/A,Subsidiaries,CA,CA,CANADIAN
48127FAA1,US48127FAA12,JPMORGAN CHASE & CO,#N/A,USD,#N/A,#N/A,Corp,FINANCIAL,Financial,Banks,Diversified Banking Inst,JR SUBORDINATED,Baa3,BBB-,#N/A,#N/A,A3,A-,AH,#N/A,Y,Y,#N/A,#N/A,#N/A,US,US,GLOBAL
49456B200,US49456B2007,KINDER MORGAN INC/DELAWA,#N/A,USD,10/26/2018,#N/A,Pfd,INDUSTRIAL,Energy,Pipelines,Pipelines,NEW MONEY,#N/A,#N/A,#N/A,#N/A,#N/A,BBB-,BBBL,#N/A,N,N,#N/A,#N/A,#N/A,US,US,PUBLIC
500769GV0,US500769GV07,KFW,Federal Republic of Germany,USD,2/6/2019,#N/A,Corp,BANK,Financial,Banks,Special Purpose Banks,GOVT GUARANTEED,Aaa,AAA,#N/A,#N/A,#N/A,AAA,#N/A,#N/A,N,N,#N/A,#N/A,National/Sovereign Government,DE,DE,GLOBAL
500769GW8,US500769GW89,KFW,Federal Republic of Germany,USD,12/29/2017,#N/A,Corp,BANK,Financial,Banks,Special Purpose Banks,GOVT GUARANTEED,Aaa,AAA,#N/A,#N/A,#N/A,AAA,#N/A,#N/A,N,N,#N/A,#N/A,National/Sovereign Government,DE,DE,GLOBAL
526057BG8,US526057BG80,LENNAR CORP,#N/A,USD,11/15/2021,#N/A,Corp,INDUSTRIAL,"Consumer, Cyclical",Home Builders,Bldg-Residential/Commer,COMPANY GUARNT,Ba2,BB,#N/A,#N/A,WR,BB,#N/A,#N/A,Y,N,#N/A,#N/A,Subsidiaries,US,US,PRIV PLACEMENT
55608RAT7,US55608RAT77,MACQUARIE BANK LTD,Macquarie BH Pty Ltd,USD,1/15/2019,#N/A,Corp,BANK,Financial,Banks,Commer Banks Non-US,SR UNSECURED,A2,A,#N/A,#N/A,#N/A,A,#N/A,#N/A,N,N,#N/A,#N/A,#N/A,AU,AU,EURO-DOLLAR
65339F846,US65339F8462,NEXTERA ENERGY INC,#N/A,USD,9/1/2018,#N/A,Pfd,UTILITY - ELEC,Utilities,Electric,Electric-Integrated,NEW MONEY,#N/A,BBB,#N/A,#N/A,Baa1,A-,#N/A,#N/A,N,N,#N/A,#N/A,#N/A,US,US,PUBLIC
67066GAC8,US67066GAC87,NVIDIA CORP,#N/A,USD,12/1/2018,#N/A,Corp,INDUSTRIAL,Technology,Semiconductors,Electronic Compo-Semicon,SR UNSECURED,#N/A,BB+,#N/A,#N/A,#N/A,BB+,#N/A,#N/A,N,N,#N/A,#N/A,#N/A,US,US,US DOMESTIC
672325NA1,US672325NA15,OAKLAND CA UNIF SCH DIST ALAME,#N/A,USD,8/1/2003,#N/A,Muni,SCD,Government,Municipal,US Municipals,#N/A,Aaa,AAA,,#N/A,,#N/A,#N/A,#N/A,#N/A,#N/A,N,N,#N/A,#N/A,#N/A,#N/A,US,FIXED
741503AQ9,US741503AQ92,PRICELINE GROUP INC/THE,#N/A,USD,3/15/2018,#N/A,Corp,INDUSTRIAL,Communications,Internet,E-Commerce/Services,SR UNSECURED,#N/A,BBB+,#N/A,#N/A,#N/A,BBB+,#N/A,#N/A,N,N,#N/A,#N/A,#N/A,US,US,US DOMESTIC
80105NAG0,US80105NAG07,SANOFI,#N/A,USD,3/29/2021,#N/A,Corp,INDUSTRIAL,"Consumer, Non-cyclical",Pharmaceuticals,Medical-Drugs,SR UNSECURED,A1,AA,#N/A,#N/A,A1,AA,#N/A,#N/A,N,N,#N/A,#N/A,#N/A,FR,FR,GLOBAL
81725WAJ2,US81725WAJ27,SENSATA TECHNOLOGIES BV,Sensata Technologies Intermedi,USD,10/1/2025,#N/A,Corp,INDUSTRIAL,Technology,Semiconductors,Semiconductor Equipment,COMPANY GUARNT,Ba3,BB,#N/A,#N/A,#N/A,BB,#N/A,#N/A,N,N,#N/A,#N/A,Subsidiaries,NL,US,PRIV PLACEMENT
826200AC1,US826200AC10,SIEMENS FINANCIERINGSMAT,Siemens AG,USD,10/17/2016,#N/A,Corp,INDUSTRIAL,Industrial,Miscellaneous Manufactur,Diversified Manufact Op,COMPANY GUARNT,A1,A+,#N/A,#N/A,#N/A,#N/A,#N/A,#N/A,N,N,#N/A,#N/A,Parent,NL,NL,PRIV PLACEMENT
82620KAB9,US82620KAB98,SIEMENS FINANCIERINGSMAT,Siemens AG,USD,5/25/2018,#N/A,Corp,INDUSTRIAL,Industrial,Miscellaneous Manufactur,Diversified Manufact Op,COMPANY GUARNT,A1,A+,#N/A,#N/A,#N/A,#N/A,#N/A,#N/A,N,N,#N/A,#N/A,Parent,NL,NL,PRIV PLACEMENT
92857WAS9,US92857WAS98,VODAFONE GROUP PLC,#N/A,USD,6/10/2019,#N/A,Corp,TELEPHONE,Communications,Telecommunications,Cellular Telecom,SR UNSECURED,Baa1,BBB+,#N/A,#N/A,#N/A,BBB+,#N/A,#N/A,N,N,#N/A,#N/A,#N/A,GB,GB,GLOBAL
98212B202,US98212B2025,WPX ENERGY INC,#N/A,USD,7/31/2018,#N/A,Pfd,INDUSTRIAL,Energy,Oil&Gas,Oil Comp-Explor&Prodtn,NEW MONEY,#N/A,#N/A,#N/A,#N/A,#N/A,BB-,#N/A,#N/A,N,N,#N/A,#N/A,#N/A,US,US,PUBLIC
AH0289654,USY20721BN86,REPUBLIC OF INDONESIA,Republic of Indonesia,USD,1/8/2026,#N/A,Govt,GOVT NATIONAL,Government,Sovereign,Sovereign,SR UNSECURED,Baa3,BB+,#N/A,#N/A,#N/A,BB+,#N/A,#N/A,N,N,#N/A,#N/A,#N/A,ID,ID,EURO MTN
D20658T63,DE0001141661,BUNDESOBLIGATION,Federal Republic of Germany,EUR,4/13/2018,#N/A,Govt,GOVT NATIONAL,Government,Sovereign,Sovereign,BONDS,Aaa,#N/A,AAA,#N/A,#N/A,AAA,#N/A,#N/A,N,N,#N/A,#N/A,#N/A,DE,DE,EURO-ZONE
D20658Z41,DE0001141687,BUNDESOBLIGATION,Federal Republic of Germany,EUR,2/22/2019,#N/A,Govt,GOVT NATIONAL,Government,Sovereign,Sovereign,BONDS,Aaa,#N/A,AAA,#N/A,#N/A,AAA,#N/A,#N/A,N,N,#N/A,#N/A,#N/A,DE,DE,EURO-ZONE
D20659N34,DE0001135457,BUNDESREPUB. DEUTSCHLAND,Federal Republic of Germany,EUR,9/4/2021,#N/A,Govt,GOVT NATIONAL,Government,Sovereign,Sovereign,BONDS,Aaa,#N/A,AAA,#N/A,#N/A,AAA,#N/A,#N/A,N,N,#N/A,#N/A,#N/A,DE,DE,EURO-ZONE
D20659TC8,DE0001135390,BUNDESREPUB. DEUTSCHLAND,Federal Republic of Germany,EUR,1/4/2020,#N/A,Govt,GOVT NATIONAL,Government,Sovereign,Sovereign,BONDS,Aaa,NR,AAA,#N/A,#N/A,AAA,#N/A,#N/A,N,N,#N/A,#N/A,#N/A,DE,DE,EURO-ZONE
E892288K4,ES00000123B9,BONOS Y OBLIG DEL ESTADO,Kingdom of Spain,EUR,4/30/2021,#N/A,Govt,GOVT NATIONAL,Government,Sovereign,Sovereign,SR UNSECURED,Baa2,BBB+,AL,#N/A,#N/A,BBB+,#N/A,#N/A,N,N,#N/A,#N/A,#N/A,ES,ES,EURO-ZONE
EC2565959,GB0004893086,UK TSY 4 1/4% 2032,United Kingdom of Great Britai,GBP,6/7/2032,#N/A,Govt,GOVT NATIONAL,Government,Sovereign,Sovereign,BONDS,Aa1,NR,AAA,#N/A,#N/A,AAA,#N/A,#N/A,N,N,#N/A,#N/A,#N/A,GB,GB,UK GILT STOCK
EC2683539,USP93960AA38,REP OF TRINIDAD & TOBAGO,Republic of Trinidad & Tobago,USD,7/1/2020,#N/A,Govt,GOVT NATIONAL,Government,Sovereign,Sovereign,SR UNSECURED,Baa2,A,#N/A,#N/A,#N/A,A,#N/A,#N/A,N,N,#N/A,#N/A,#N/A,TT,TT,EURO-DOLLAR
EC3022802,DE0001135176,BUNDESREPUB. DEUTSCHLAND,Federal Republic of Germany,EUR,1/4/2031,#N/A,Govt,GOVT NATIONAL,Government,Sovereign,Sovereign,BONDS,Aaa,NR,AAA,#N/A,#N/A,AAA,#N/A,#N/A,N,N,#N/A,#N/A,#N/A,DE,DE,EURO-ZONE
EC4532734,GB0030880693,UK TSY 5% 2025,United Kingdom of Great Britai,GBP,3/7/2025,#N/A,Govt,GOVT NATIONAL,Government,Sovereign,Sovereign,BONDS,Aa1,NR,AAA,#N/A,#N/A,AAA,#N/A,#N/A,N,N,#N/A,#N/A,#N/A,GB,GB,UK GILT STOCK
EC8300625,DE0001135226,BUNDESREPUB. DEUTSCHLAND,Federal Republic of Germany,EUR,7/4/2034,#N/A,Govt,GOVT NATIONAL,Government,Sovereign,Sovereign,BONDS,Aaa,NR,AAA,#N/A,#N/A,AAA,#N/A,#N/A,N,N,#N/A,#N/A,#N/A,DE,DE,EURO-ZONE
EC8677113,GB0032452392,UK TSY 4 1/4% 2036,United Kingdom of Great Britai,GBP,3/7/2036,#N/A,Govt,GOVT NATIONAL,Government,Sovereign,Sovereign,BONDS,Aa1,NR,AAA,#N/A,#N/A,AAA,#N/A,#N/A,N,N,#N/A,#N/A,#N/A,GB,GB,UK GILT STOCK
EC9836874,FR0000189151,FRANCE (GOVT OF),French Republic,EUR,4/25/2019,#N/A,Govt,GOVT NATIONAL,Government,Sovereign,Sovereign,BONDS,Aa2,NR,AAA,#N/A,#N/A,AA,#N/A,#N/A,N,N,#N/A,#N/A,#N/A,FR,FR,EURO-ZONE
ED4225204,GB00B00NY175,UK TSY 4 3/4% 2038,United Kingdom of Great Britai,GBP,12/7/2038,#N/A,Govt,GOVT NATIONAL,Government,Sovereign,Sovereign,BONDS,Aa1,NR,AAA,#N/A,#N/A,AAA,#N/A,#N/A,N,N,#N/A,#N/A,#N/A,GB,GB,UK GILT STOCK
ED7791103,MX0MGO000078,MEX BONOS DESARR FIX RT,United Mexican States,MXN,12/5/2024,#N/A,Govt,GOVT NATIONAL,Government,Sovereign,Sovereign,BONDS,A3,A,AL,#N/A,#N/A,A,#N/A,#N/A,N,N,#N/A,#N/A,#N/A,MX,MX,DOMESTIC
ED8608124,GB00B058DQ55,UK TSY 4 3/4% 2020,United Kingdom of Great Britai,GBP,3/7/2020,#N/A,Govt,GOVT NATIONAL,Government,Sovereign,Sovereign,BONDS,Aa1,NR,AAA,#N/A,#N/A,AAA,#N/A,#N/A,N,N,#N/A,#N/A,#N/A,GB,GB,UK GILT STOCK
EF0810905,FR0010235176,FRANCE (GOVT OF),French Republic,EUR,7/25/2017,#N/A,Govt,GOVT NATIONAL,Government,Sovereign,Sovereign,BONDS,Aa2,NR,AAA,#N/A,#N/A,AA,#N/A,#N/A,N,N,#N/A,#N/A,#N/A,FR,FR,EURO-ZONE
EF1307950,IT0003934657,BUONI POLIENNALI DEL TES,Republic of Italy,EUR,2/1/2037,#N/A,Govt,GOVT NATIONAL,Government,Sovereign,Sovereign,BONDS,Baa2,NR,AL,#N/A,#N/A,BBB-,#N/A,#N/A,N,N,#N/A,#N/A,#N/A,IT,IT,EURO-ZONE
EF2484378,USP70809AB71,NATIONAL GAS CO,Republic of Trinidad & Tobago,USD,1/15/2036,#N/A,Corp,INDUSTRIAL,Utilities,Gas,Gas-Distribution,SR UNSECURED,Baa2,A-,#N/A,#N/A,#N/A,A-,#N/A,#N/A,N,N,#N/A,#N/A,#N/A,TT,TT,EURO-DOLLAR
EF2524249,FR0010288357,FRANCE (GOVT OF),French Republic,EUR,4/25/2016,#N/A,Govt,GOVT NATIONAL,Government,Sovereign,Sovereign,BONDS,Aa2,NR,AAA,#N/A,#N/A,AA,#N/A,#N/A,N,N,#N/A,#N/A,#N/A,FR,FR,EURO-ZONE
EF2659706,GB00B0V3WQ75,TSY 1 1/4% 2017 I/L GILT,United Kingdom of Great Britai,GBP,11/22/2017,#N/A,Govt,GOVT NATIONAL,Government,Sovereign,Sovereign,BONDS,Aa1,NR,AAA,#N/A,#N/A,AAA,#N/A,#N/A,N,N,#N/A,#N/A,#N/A,GB,GB,UK GILT STOCK
EF3012806,XS0246487457,ABN AMRO BANK NV,ABN AMRO Group NV,EUR,#N/A,#N/A,Corp,BANK,Financial,Banks,Money Center Banks,JR SUBORDINATED,Ba2,BB,AL,#N/A,A2,A,#N/A,#N/A,Y,Y,#N/A,#N/A,#N/A,NL,NL,EURO-ZONE
EF3722370,GB00B128DH60,TSY 1 1/4% 2027 I/L GILT,United Kingdom of Great Britai,GBP,11/22/2027,#N/A,Govt,GOVT NATIONAL,Government,Sovereign,Sovereign,BONDS,Aa1,NR,AAA,#N/A,#N/A,AAA,#N/A,#N/A,N,N,#N/A,#N/A,#N/A,GB,GB,UK GILT STOCK
EF6703732,GB00B16NNR78,UK TSY 4 1/4% 2027,United Kingdom of Great Britai,GBP,12/7/2027,#N/A,Govt,GOVT NATIONAL,Government,Sovereign,Sovereign,BONDS,Aa1,NR,AAA,#N/A,#N/A,AAA,#N/A,#N/A,N,N,#N/A,#N/A,#N/A,GB,GB,UK GILT STOCK
EG1773746,DE000HSH2H23,HSH NORDBANK AG,HSH Finanzfonds AoeR,EUR,2/14/2017,#N/A,Corp,BANK,Financial,Banks,Regional Banks-Non US,SUBORDINATED,B2,NR,#N/A,#N/A,#N/A,NR,#N/A,#N/A,Y,Y,#N/A,#N/A,#N/A,DE,DE,EURO MTN
EG3953361,FR0010466938,FRANCE (GOVT OF),French Republic,EUR,10/25/2023,#N/A,Govt,GOVT NATIONAL,Government,Sovereign,Sovereign,BONDS,Aa2,NR,AAA,#N/A,#N/A,AA,#N/A,#N/A,N,N,#N/A,#N/A,#N/A,FR,FR,EURO-ZONE
EG4260733,XS0300190831,JPMORGAN CHASE & CO,#N/A,GBP,5/30/2017,#N/A,Corp,FINANCIAL,Financial,Banks,Diversified Banking Inst,SUBORDINATED,Baa1,BBB+,A,#N/A,A3,A-,AH,#N/A,Y,Y,#N/A,#N/A,#N/A,US,US,EURO MTN
EG5064811,GB00B1VWPJ53,UK TSY 4 1/2% 2042,United Kingdom of Great Britai,GBP,12/7/2042,#N/A,Govt,GOVT NATIONAL,Government,Sovereign,Sovereign,BONDS,Aa1,NR,AAA,#N/A,#N/A,AAA,#N/A,#N/A,N,N,#N/A,#N/A,#N/A,GB,GB,UK GILT STOCK
EG6155006,GB00B1Z5HQ14,TSY 1 7/8% 2022 I/L GILT,United Kingdom of Great Britai,GBP,11/22/2022,#N/A,Govt,GOVT NATIONAL,Government,Sovereign,Sovereign,BONDS,Aa1,NR,AAA,#N/A,#N/A,AAA,#N/A,#N/A,N,N,#N/A,#N/A,#N/A,GB,GB,UK GILT STOCK
EG6650006,PEP01000C2Z1,PERU BONO SOBERANO,Republic of Peru,PEN,8/12/2037,#N/A,Govt,GOVT NATIONAL,Government,Sovereign,Sovereign,UNSECURED,A3,#N/A,BBBH,#N/A,#N/A,A-,#N/A,#N/A,N,N,#N/A,#N/A,#N/A,PE,PE,DOMESTIC
EG8211609,AU0000XCLWM5,AUSTRALIAN GOVERNMENT,Commonwealth of Australia,AUD,5/15/2021,#N/A,Govt,GOVT NATIONAL,Government,Sovereign,Sovereign,SR UNSECURED,Aaa,#N/A,#N/A,#N/A,#N/A,AAA,#N/A,#N/A,N,N,#N/A,#N/A,#N/A,AU,AU,AUSTRALIAN
EG8729493,GB00B24FF097,UK TSY 4 3/4% 2030,United Kingdom of Great Britai,GBP,12/7/2030,#N/A,Govt,GOVT NATIONAL,Government,Sovereign,Sovereign,BONDS,Aa1,NR,AAA,#N/A,#N/A,AAA,#N/A,#N/A,N,N,#N/A,#N/A,#N/A,GB,GB,UK GILT STOCK
EG9250606,XS0326347373,HSBC HOLDINGS PLC,#N/A,GBP,10/18/2022,#N/A,Corp,BANK,Financial,Banks,Diversified Banking Inst,SUBORDINATED,A2,BBB+,#N/A,#N/A,#N/A,A,AAL,#N/A,Y,Y,#N/A,#N/A,#N/A,GB,GB,EURO MTN
EH0314151,GB00B24FFM16,TSY 0 3/4% 2047 I/L GILT,United Kingdom of Great Britai,GBP,11/22/2047,#N/A,Govt,GOVT NATIONAL,Government,Sovereign,Sovereign,BONDS,Aa1,NR,AAA,#N/A,#N/A,AAA,#N/A,#N/A,N,N,#N/A,#N/A,#N/A,GB,GB,UK GILT STOCK
EH0398089,SE0002241083,SWEDISH GOVERNMENT,Kingdom of Sweden,SEK,3/12/2019,#N/A,Govt,GOVT NATIONAL,Government,Sovereign,Sovereign,BONDS,Aaa,NR,AAA,#N/A,#N/A,AAA,AAA,#N/A,N,N,#N/A,#N/A,#N/A,SE,SE,DOMESTIC
EH1493673,MX0SGO000056,MEXICAN UDIBONOS,United Mexican States,MXN,12/14/2017,#N/A,Govt,GOVT NATIONAL,Government,Sovereign,Sovereign,BONDS,A3,A,#N/A,#N/A,#N/A,#N/A,#N/A,#N/A,N,N,#N/A,#N/A,#N/A,MX,MX,DOMESTIC
EH3265541,IT0004361041,BUONI POLIENNALI DEL TES,Republic of Italy,EUR,8/1/2018,#N/A,Govt,GOVT NATIONAL,Government,Sovereign,Sovereign,BONDS,Baa2,NR,AL,#N/A,#N/A,BBB-,#N/A,#N/A,N,N,#N/A,#N/A,#N/A,IT,IT,EURO-ZONE
EH3278791,XS0360897689,PROVINCE OF QUEBEC,#N/A,EUR,4/29/2018,#N/A,Govt,GOVT REGIONAL,Government,Regional(state/provnc),Regional Authority,SR UNSECURED,Aa2,A+,AH,#N/A,#N/A,A+,AH,#N/A,N,N,#N/A,#N/A,#N/A,CA,CA,EURO MTN
EH3344783,USP17625AA59,REPUBLIC OF VENEZUELA,Bolivarian Republic of Venezue,USD,5/7/2023,#N/A,Govt,GOVT NATIONAL,Government,Sovereign,Sovereign,SR UNSECURED,Caa3,CCC,#N/A,#N/A,#N/A,CCC,#N/A,#N/A,N,N,#N/A,#N/A,#N/A,VE,VE,EURO-DOLLAR
EH3623681,NO0010429913,NORWEGIAN GOVERNMENT,Kingdom of Norway,NOK,5/22/2019,#N/A,Govt,GOVT NATIONAL,Government,Sovereign,Sovereign,BONDS,Aaa,AAA,AAA,#N/A,#N/A,AAA,#N/A,#N/A,N,N,#N/A,#N/A,#N/A,NO,NO,DOMESTIC
EH4697106,DE0001135366,BUNDESREPUB. DEUTSCHLAND,Federal Republic of Germany,EUR,7/4/2040,#N/A,Govt,GOVT NATIONAL,Government,Sovereign,Sovereign,BONDS,Aaa,NR,AAA,#N/A,#N/A,AAA,#N/A,#N/A,N,N,#N/A,#N/A,#N/A,DE,DE,EURO-ZONE
EH5295793,GB00B39R3707,UK TSY 4 1/4% 2049,United Kingdom of Great Britai,GBP,12/7/2049,#N/A,Govt,GOVT NATIONAL,Government,Sovereign,Sovereign,BONDS,Aa1,NR,AAA,#N/A,#N/A,AAA,#N/A,#N/A,N,N,#N/A,#N/A,#N/A,GB,GB,UK GILT STOCK
EH7175118,MX0MGO0000G1,MEX BONOS DESARR FIX RT,United Mexican States,MXN,12/13/2018,#N/A,Govt,GOVT NATIONAL,Government,Sovereign,Sovereign,BONDS,A3,A,AL,#N/A,#N/A,A,#N/A,#N/A,N,N,#N/A,#N/A,#N/A,MX,MX,DOMESTIC
EH7368119,GB00B3KJDS62,UK TSY 4 1/4% 2039,United Kingdom of Great Britai,GBP,9/7/2039,#N/A,Govt,GOVT NATIONAL,Government,Sovereign,Sovereign,BONDS,Aa1,NR,AAA,#N/A,#N/A,AAA,#N/A,#N/A,N,N,#N/A,#N/A,#N/A,GB,GB,UK GILT STOCK
EH7934795,XS0424787926,ONTARIO (PROVINCE OF),#N/A,EUR,4/23/2019,#N/A,Govt,GOVT REGIONAL,Government,Regional(state/provnc),Regional Authority,SR UNSECURED,Aa2,A+,AAL,#N/A,Aa2,A+,AAL,#N/A,N,N,#N/A,#N/A,#N/A,CA,CA,EURO MTN
EH8025973,IT0004489610,BUONI POLIENNALI DEL TES,Republic of Italy,EUR,9/1/2019,#N/A,Govt,GOVT NATIONAL,Government,Sovereign,Sovereign,BONDS,Baa2,NR,AL,#N/A,#N/A,BBB-,#N/A,#N/A,N,N,#N/A,#N/A,#N/A,IT,IT,EURO-ZONE
EH8554139,XS0433107041,KFW,Federal Republic of Germany,GBP,9/7/2016,#N/A,Corp,BANK,Financial,Banks,Special Purpose Banks,GOVT GUARANTEED,Aaa,AAA,#N/A,#N/A,#N/A,AAA,#N/A,#N/A,N,N,#N/A,#N/A,National/Sovereign Government,DE,DE,EURO MTN
EH8677559,GB00B52WS153,UK TSY 4 1/2% 2034,United Kingdom of Great Britai,GBP,9/7/2034,#N/A,Govt,GOVT NATIONAL,Government,Sovereign,Sovereign,UNSECURED,Aa1,NR,AAA,#N/A,#N/A,AAA,#N/A,#N/A,N,N,#N/A,#N/A,#N/A,GB,GB,UK GILT STOCK
EH9048867,GB00B3MYD345,TSY 0 5/8% 2042 I/L GILT,United Kingdom of Great Britai,GBP,11/22/2042,#N/A,Govt,GOVT NATIONAL,Government,Sovereign,Sovereign,BONDS,Aa1,NR,AAA,#N/A,#N/A,AAA,#N/A,#N/A,N,N,#N/A,#N/A,#N/A,GB,GB,UK GILT STOCK
EH9987890,GB00B54QLM75,UK TSY 4% 2060,United Kingdom of Great Britai,GBP,1/22/2060,#N/A,Govt,GOVT NATIONAL,Government,Sovereign,Sovereign,UNSECURED,Aa1,NR,AAA,#N/A,#N/A,AAA,#N/A,#N/A,N,N,#N/A,#N/A,#N/A,GB,GB,UK GILT STOCK
EI0091641,FI4000006176,FINNISH GOVERNMENT,Republic of Finland,EUR,7/4/2025,#N/A,Govt,GOVT NATIONAL,Government,Sovereign,Sovereign,SR UNSECURED,Aaa,AA+,AAA,#N/A,#N/A,AA+,#N/A,#N/A,N,N,#N/A,#N/A,#N/A,FI,FI,EURO-ZONE
EI0528782,USP06518AE74,COMMONWEALTH OF BAHAMAS,Commonwealth of the Bahamas,USD,11/20/2029,#N/A,Govt,GOVT NATIONAL,Government,Sovereign,Sovereign,SR UNSECURED,Baa2,BBB-,#N/A,#N/A,#N/A,BBB-,#N/A,#N/A,N,N,#N/A,#N/A,#N/A,BS,BS,EURO-DOLLAR
EI1085899,USY20721AQ27,REPUBLIC OF INDONESIA,Republic of Indonesia,USD,3/13/2020,#N/A,Govt,GOVT NATIONAL,Government,Sovereign,Sovereign,SR UNSECURED,Baa3,BB+,#N/A,#N/A,#N/A,BB+,#N/A,#N/A,N,N,#N/A,#N/A,#N/A,ID,ID,EURO-DOLLAR
EI1164629,GB00B3LZBF68,TSY 0 5/8% 2040 I/L GILT,United Kingdom of Great Britai,GBP,3/22/2040,#N/A,Govt,GOVT NATIONAL,Government,Sovereign,Sovereign,BONDS,Aa1,NR,AAA,#N/A,#N/A,AAA,#N/A,#N/A,N,N,#N/A,#N/A,#N/A,GB,GB,UK GILT STOCK
EI1204540,CL0000006974,BONOS TESORERIA PESOS,Republic of Chile,CLP,1/1/2020,#N/A,Govt,GOVT NATIONAL,Government,Sovereign,Sovereign,BONDS,#N/A,#N/A,#N/A,#N/A,#N/A,#N/A,#N/A,#N/A,N,N,#N/A,#N/A,#N/A,CL,CL,DOMESTIC
EI1319124,FR0010854182,FRANCE (GOVT OF),French Republic,EUR,4/25/2020,#N/A,Govt,GOVT NATIONAL,Government,Sovereign,Sovereign,BONDS,Aa2,NR,AAA,#N/A,#N/A,AA,#N/A,#N/A,N,N,#N/A,#N/A,#N/A,FR,FR,EURO-ZONE
EI2397178,NL0009446418,NETHERLANDS GOVERNMENT,Kingdom of the Netherlands,EUR,1/15/2042,#N/A,Govt,GOVT NATIONAL,Government,Sovereign,Sovereign,BONDS,Aaa,#N/A,AAA,#N/A,#N/A,AAA,#N/A,#N/A,N,N,#N/A,#N/A,#N/A,NL,NL,EURO-ZONE
EI2705073,GB00B582JV65,UK TSY 3 3/4% 2020,United Kingdom of Great Britai,GBP,9/7/2020,#N/A,Govt,GOVT NATIONAL,Government,Sovereign,Sovereign,BONDS,Aa1,#N/A,AAA,#N/A,#N/A,AAA,#N/A,#N/A,N,N,#N/A,#N/A,#N/A,GB,GB,UK GILT STOCK
EI2910053,GB00B6460505,UK TSY 4 1/4% 2040,United Kingdom of Great Britai,GBP,12/7/2040,#N/A,Govt,GOVT NATIONAL,Government,Sovereign,Sovereign,BONDS,Aa1,#N/A,AAA,#N/A,#N/A,AAA,#N/A,#N/A,N,N,#N/A,#N/A,#N/A,GB,GB,UK GILT STOCK
EI3500440,USP17625AC16,REPUBLIC OF VENEZUELA,Bolivarian Republic of Venezue,USD,8/23/2022,#N/A,Govt,GOVT NATIONAL,Government,Sovereign,Sovereign,SR UNSECURED,Caa3,CCC,#N/A,#N/A,#N/A,CCC,#N/A,#N/A,N,N,#N/A,#N/A,#N/A,VE,VE,EURO-DOLLAR
EI3510977,DE0001135416,BUNDESREPUB. DEUTSCHLAND,Federal Republic of Germany,EUR,9/4/2020,#N/A,Govt,GOVT NATIONAL,Government,Sovereign,Sovereign,BONDS,Aaa,NR,AAA,#N/A,#N/A,AAA,#N/A,#N/A,N,N,#N/A,#N/A,#N/A,DE,DE,EURO-ZONE
EI4806804,AU3TB0000093,AUSTRALIAN GOVERNMENT,Commonwealth of Australia,AUD,1/21/2018,#N/A,Govt,GOVT NATIONAL,Government,Sovereign,Sovereign,SR UNSECURED,Aaa,#N/A,#N/A,#N/A,#N/A,AAA,#N/A,#N/A,N,N,#N/A,#N/A,#N/A,AU,AU,AUSTRALIAN
EI5371022,NL0009712470,NETHERLANDS GOVERNMENT,Kingdom of the Netherlands,EUR,7/15/2021,#N/A,Govt,GOVT NATIONAL,Government,Sovereign,Sovereign,BONDS,Aaa,#N/A,AAA,#N/A,#N/A,AAA,#N/A,#N/A,N,N,#N/A,#N/A,#N/A,NL,NL,EURO-ZONE
EI5787318,USP7807HAM71,PETROLEOS DE VENEZUELA S,Bolivarian Republic of Venezue,USD,2/17/2022,#N/A,Corp,INDUSTRIAL,Energy,Oil&Gas,Oil Comp-Integrated,COMPANY GUARNT,#N/A,#N/A,#N/A,#N/A,#N/A,CCC,#N/A,#N/A,N,N,#N/A,#N/A,Subsidiaries,VE,VE,EURO-DOLLAR
EI6005249,USP16259AA47,BBVA BANCOMER SA TEXAS,BBVA Bancomer SA,USD,3/10/2016,#N/A,Corp,BANK,Financial,Banks,Money Center Banks,SR UNSECURED,A3,#N/A,#N/A,#N/A,#N/A,#N/A,#N/A,#N/A,N,N,#N/A,#N/A,#N/A,MX,US,EURO-DOLLAR
EI6202317,USY3994LCE66,INDUSTRIAL BANK OF KOREA,Republic of Korea,USD,9/29/2016,#N/A,Corp,BANK,Financial,Banks,Special Purpose Banks,SR UNSECURED,Aa2,A+,#N/A,#N/A,#N/A,A+,#N/A,#N/A,N,N,#N/A,#N/A,#N/A,KR,KR,EURO-DOLLAR
EI6770586,USG2108YAA31,CHINA RESOURCES LAND LTD,CRH Land Ltd,USD,5/19/2016,#N/A,Corp,INDUSTRIAL,Financial,Real Estate,Real Estate Oper/Develop,SR UNSECURED,Baa1,BBB+,#N/A,#N/A,Baa1,BBB+,#N/A,#N/A,N,N,#N/A,#N/A,#N/A,KY,HK,EURO-DOLLAR
EI6940791,FR0011059088,FRANCE (GOVT OF),French Republic,EUR,10/25/2021,#N/A,Govt,GOVT NATIONAL,Government,Sovereign,Sovereign,BONDS,Aa2,#N/A,AAA,#N/A,#N/A,AA,#N/A,#N/A,N,N,#N/A,#N/A,#N/A,FR,FR,EURO-ZONE
EI7197110,NL0009819671,NETHERLANDS GOVERNMENT,Kingdom of the Netherlands,EUR,1/15/2017,#N/A,Govt,GOVT NATIONAL,Government,Sovereign,Sovereign,BONDS,#N/A,#N/A,AAA,#N/A,#N/A,AAA,#N/A,#N/A,N,N,#N/A,#N/A,#N/A,NL,NL,EURO-ZONE
EI7312420,FR0011073006,ASSYSTEM,HDL Development,EUR,1/1/2017,#N/A,Corp,INDUSTRIAL,"Consumer, Non-cyclical",Commercial Services,Consulting Services,SR UNSECURED,#N/A,#N/A,#N/A,#N/A,#N/A,#N/A,#N/A,#N/A,N,N,#N/A,#N/A,#N/A,FR,FR,EURO-ZONE
EI7609155,XS0650848723,MCC HOLDING HK CORP LTD,MCC,USD,7/29/2016,#N/A,Corp,INDUSTRIAL,Industrial,Metal Fabricate/Hardware,Metal Processors&Fabrica,COMPANY GUARNT,Baa3,BBB-,#N/A,#N/A,#N/A,#N/A,#N/A,#N/A,N,N,#N/A,#N/A,Parent,HK,HK,EURO-DOLLAR
EI7852649,DE0001135457,BUNDESREPUB. DEUTSCHLAND,Federal Republic of Germany,EUR,9/4/2021,#N/A,Govt,GOVT NATIONAL,Government,Sovereign,Sovereign,BONDS,Aaa,#N/A,AAA,#N/A,#N/A,AAA,#N/A,#N/A,N,N,#N/A,#N/A,#N/A,DE,DE,EURO-ZONE
EI7933985,IT0004759673,BUONI POLIENNALI DEL TES,Republic of Italy,EUR,3/1/2022,#N/A,Govt,GOVT NATIONAL,Government,Sovereign,Sovereign,BONDS,Baa2,#N/A,AL,#N/A,#N/A,BBB-,#N/A,#N/A,N,N,#N/A,#N/A,#N/A,IT,IT,EURO-ZONE
EI8410553,USP17625AE71,REPUBLIC OF VENEZUELA,Bolivarian Republic of Venezue,USD,10/21/2026,#N/A,Govt,GOVT NATIONAL,Government,Sovereign,Sovereign,SR UNSECURED,Caa3,CCC,#N/A,#N/A,#N/A,CCC,#N/A,#N/A,N,N,#N/A,#N/A,#N/A,VE,VE,EURO-DOLLAR
EI8682268,USP37100AA51,EMPRESA DE ENERGIA DE BO,Bogota Distrito Capital,USD,11/10/2021,#N/A,Corp,UTILITY - ELEC,Utilities,Electric,Electric-Transmission,SR UNSECURED,Baa2,BBB-,#N/A,#N/A,#N/A,BBB-,#N/A,#N/A,Y,N,#N/A,#N/A,#N/A,CO,CO,EURO-DOLLAR
EI8799468,USP7807HAP03,PETROLEOS DE VENEZUELA S,Bolivarian Republic of Venezue,USD,11/17/2021,#N/A,Corp,INDUSTRIAL,Energy,Oil&Gas,Oil Comp-Integrated,COMPANY GUARNT,#N/A,CCC,#N/A,#N/A,#N/A,CCC,#N/A,#N/A,N,N,#N/A,#N/A,Subsidiaries,VE,VE,EURO-DOLLAR
EJ0219414,FR0120473253,FRENCH TREASURY NOTE,French Republic,EUR,2/25/2017,#N/A,Govt,GOVT NATIONAL,Government,Sovereign,Sovereign,NOTES,Aa2,#N/A,AAA,#N/A,#N/A,AA,#N/A,#N/A,N,N,#N/A,#N/A,#N/A,FR,FR,EURO-ZONE
EJ0420566,IT0004801541,BUONI POLIENNALI DEL TES,Republic of Italy,EUR,9/1/2022,#N/A,Govt,GOVT NATIONAL,Government,Sovereign,Sovereign,BONDS,Baa2,#N/A,AL,#N/A,#N/A,BBB-,#N/A,#N/A,N,N,#N/A,#N/A,#N/A,IT,IT,EURO-ZONE
EJ0510671,NL0010071189,NETHERLANDS GOVERNMENT,Kingdom of the Netherlands,EUR,1/15/2033,#N/A,Govt,GOVT NATIONAL,Government,Sovereign,Sovereign,BONDS,Aaa,#N/A,AAA,#N/A,#N/A,AAA,#N/A,#N/A,N,N,#N/A,#N/A,#N/A,NL,NL,EURO-ZONE
EJ0977938,USP93077AA61,TRANSPRTDRA DE GAS INTL,Empresa de Energia de Bogota S,USD,3/20/2022,#N/A,Corp,INDUSTRIAL,Energy,Pipelines,Pipelines,SR UNSECURED,Baa3,BBB-,#N/A,#N/A,#N/A,BBB-,#N/A,#N/A,Y,N,#N/A,#N/A,#N/A,CO,CO,EURO-DOLLAR
EJ1550858,DE0001141638,BUNDESOBLIGATION,Federal Republic of Germany,EUR,4/7/2017,#N/A,Govt,GOVT NATIONAL,Government,Sovereign,Sovereign,BONDS,Aaa,#N/A,AAA,#N/A,#N/A,AAA,#N/A,#N/A,N,N,#N/A,#N/A,#N/A,DE,DE,EURO-ZONE
EJ1968233,USP7807HAQ85,PETROLEOS DE VENEZUELA S,Bolivarian Republic of Venezue,USD,5/17/2035,#N/A,Corp,INDUSTRIAL,Energy,Oil&Gas,Oil Comp-Integrated,COMPANY GUARNT,Caa3,#N/A,#N/A,#N/A,#N/A,CCC,#N/A,#N/A,N,N,#N/A,#N/A,Subsidiaries,VE,VE,EURO-DOLLAR
EJ2373490,GB00B7L9SL19,UK TSY 1.75% 2022,United Kingdom of Great Britai,GBP,9/7/2022,#N/A,Govt,GOVT NATIONAL,Government,Sovereign,Sovereign,BONDS,Aa1,#N/A,AAA,#N/A,#N/A,AAA,#N/A,#N/A,N,N,#N/A,#N/A,#N/A,GB,GB,UK GILT STOCK
EJ2864092,DE000A1MBCB3,KFW,Federal Republic of Germany,EUR,7/25/2016,#N/A,Corp,BANK,Financial,Banks,Special Purpose Banks,GOVT GUARANTEED,Aaa,AAA,#N/A,#N/A,#N/A,AAA,#N/A,#N/A,N,N,#N/A,#N/A,National/Sovereign Government,DE,DE,EURO MTN
EJ3422718,DE0001135499,BUNDESREPUB. DEUTSCHLAND,Federal Republic of Germany,EUR,9/4/2022,#N/A,Govt,GOVT NATIONAL,Government,Sovereign,Sovereign,BONDS,Aaa,#N/A,AAA,#N/A,#N/A,AAA,#N/A,#N/A,N,N,#N/A,#N/A,#N/A,DE,DE,EURO-ZONE
EJ3997248,USJ46196BA83,MIZUHO BANK LTD,Mizuho Financial Group Inc,USD,10/17/2017,#N/A,Corp,BANK,Financial,Banks,Money Center Banks,COMPANY GUARNT,A1,A,A,#N/A,A1,A,#N/A,#N/A,N,N,#N/A,#N/A,Parent,JP,JP,EURO-DOLLAR
EJ5080258,AU0000KFWHW2,KFW,Federal Republic of Germany,AUD,7/18/2018,#N/A,Corp,BANK,Financial,Banks,Special Purpose Banks,GOVT GUARANTEED,Aaa,AAA,#N/A,#N/A,#N/A,AAA,#N/A,#N/A,N,N,#N/A,#N/A,National/Sovereign Government,DE,DE,DOMESTIC MTN
EJ5457266,GB00B8KP6M44,UK TSY 1.25% 2018,United Kingdom of Great Britai,GBP,7/22/2018,#N/A,Govt,GOVT NATIONAL,Government,Sovereign,Sovereign,BONDS,Aa1,#N/A,AAA,#N/A,#N/A,AAA,#N/A,#N/A,N,N,#N/A,#N/A,#N/A,GB,GB,UK GILT STOCK
EJ5688621,IT0004898034,BUONI POLIENNALI DEL TES,Republic of Italy,EUR,5/1/2023,#N/A,Govt,GOVT NATIONAL,Government,Sovereign,Sovereign,BONDS,Baa2,#N/A,AL,#N/A,#N/A,BBB-,#N/A,#N/A,N,N,#N/A,#N/A,#N/A,IT,IT,EURO-ZONE
EJ6006286,DE000A1R1BC6,DEUTSCHE BOERSE AG,#N/A,EUR,3/26/2018,#N/A,Corp,FINANCIAL,Financial,Diversified Finan Serv,Finance-Other Services,SR UNSECURED,#N/A,AA,#N/A,#N/A,WR,AA,#N/A,#N/A,N,N,#N/A,#N/A,#N/A,DE,DE,EURO-ZONE
EJ6199305,XS0914294623,L-BANK BW FOERDERBANK,State of Baden-Wurttemberg,GBP,12/15/2017,#N/A,Corp,BANK,Financial,Banks,Special Purpose Banks,LOCAL GOVT GUARN,Aaa,AAA,#N/A,#N/A,Aaa,AAA,#N/A,#N/A,N,N,#N/A,#N/A,Local Government,DE,DE,EURO MTN
EJ6933901,USP7700WCG35,GRUPO FAMSA SA DE CV,#N/A,USD,6/1/2020,#N/A,Corp,INDUSTRIAL,"Consumer, Cyclical",Retail,Retail-Major Dept Store,COMPANY GUARNT,#N/A,B,#N/A,#N/A,#N/A,B,#N/A,#N/A,Y,N,#N/A,#N/A,Subsidiaries,MX,MX,EURO-DOLLAR
EJ7493442,CH0184249990,SWITZERLAND,Swiss Confederation,CHF,7/24/2025,#N/A,Govt,GOVT NATIONAL,Government,Sovereign,Sovereign,BONDS,#N/A,#N/A,AAA,#N/A,#N/A,AAA,#N/A,#N/A,N,N,#N/A,#N/A,#N/A,CH,CH,DOMESTIC
EJ8410783,USN45780CT38,ING BANK NV,ING Groep NV,USD,9/25/2023,#N/A,Corp,BANK,Financial,Banks,Commer Banks Non-US,SUBORDINATED,Baa2,BBB+,#N/A,#N/A,#N/A,A,AH,#N/A,N,Y,#N/A,#N/A,#N/A,NL,NL,EURO-DOLLAR
EJ8521464,AT0000A12B06,REPUBLIC OF AUSTRIA,Republic of Austria,EUR,10/19/2018,#N/A,Govt,GOVT NATIONAL,Government,Sovereign,Sovereign,SR UNSECURED,Aaa,AA+,AAA,#N/A,#N/A,AA+,#N/A,#N/A,N,N,#N/A,#N/A,#N/A,AT,AT,EURO-ZONE
EJ8590758,USQ25738AA54,CNOOC CURTIS FUNDING NO.,CNOOC Gas & Power AUS Investme,USD,10/3/2023,#N/A,Corp,INDUSTRIAL,Energy,Oil&Gas,Oil Comp-Explor&Prodtn,COMPANY GUARNT,Aa3,A+,#N/A,#N/A,#N/A,#N/A,#N/A,#N/A,N,N,#N/A,#N/A,Parent,AU,AU,EURO-DOLLAR
EJ8737029,IT0004966401,BUONI POLIENNALI DEL TES,Republic of Italy,EUR,5/1/2021,#N/A,Govt,GOVT NATIONAL,Government,Sovereign,Sovereign,SR UNSECURED,Baa2,#N/A,AL,#N/A,#N/A,BBB-,#N/A,#N/A,N,N,#N/A,#N/A,#N/A,IT,IT,EURO-ZONE
EJ8738761,ES00000124H4,BONOS Y OBLIG DEL ESTADO,Kingdom of Spain,EUR,10/31/2044,#N/A,Govt,GOVT NATIONAL,Government,Sovereign,Sovereign,BONDS,Baa2,BBB+,AL,#N/A,#N/A,BBB+,#N/A,#N/A,N,N,#N/A,#N/A,#N/A,ES,ES,EURO-ZONE
EJ9002563,XS0984184316,CHINA OVERSEA FIN KY III,CHINA OVERSEAS,USD,10/29/2018,#N/A,Corp,SPECIAL PURPOSE,Financial,Real Estate,Real Estate Oper/Develop,COMPANY GUARNT,Baa1,BBB+,#N/A,#N/A,#N/A,#N/A,#N/A,#N/A,N,N,#N/A,#N/A,Parent,KY,KY,EURO-DOLLAR
EJ9044821,USP37115AE50,EMPRESA NACIONAL DE TELE,Inversiones Altel Ltda,USD,10/30/2024,#N/A,Corp,INDUSTRIAL,Communications,Telecommunications,Cellular Telecom,SR UNSECURED,Baa3,BBB,#N/A,#N/A,Baa3,BBB,#N/A,#N/A,N,N,#N/A,#N/A,#N/A,CL,CL,EURO-DOLLAR
EJ9131404,AU3CB0215796,AUSTRALIAN POSTAL CORP,Commonwealth of Australia,AUD,11/13/2023,#N/A,Govt,GOVT AGENCY,Government,Sovereign,Sovereign Agency,SR UNSECURED,#N/A,AA-,#N/A,#N/A,#N/A,AA-,#N/A,#N/A,N,N,#N/A,#N/A,#N/A,AU,AU,DOMESTIC MTN
EJ9131586,AU3CB0215788,AUSTRALIAN POSTAL CORP,Commonwealth of Australia,AUD,11/13/2020,#N/A,Govt,GOVT AGENCY,Government,Sovereign,Sovereign Agency,SR UNSECURED,#N/A,AA-,#N/A,#N/A,#N/A,AA-,#N/A,#N/A,N,N,#N/A,#N/A,#N/A,AU,AU,DOMESTIC MTN
EJ9488648,DE000A1HTR04,GABRIEL FINANCE LTD PART,#N/A,EUR,11/26/2016,#N/A,Corp,SPECIAL PURPOSE,Financial,Investment Companies,Investment Companies,SR SECURED,#N/A,#N/A,#N/A,#N/A,#N/A,#N/A,#N/A,#N/A,N,N,#N/A,#N/A,#N/A,JE,DE,EURO NON-DOLLAR
EK0328238,XS1020736069,ACCIONA S.A.,#N/A,EUR,1/30/2019,#N/A,Corp,INDUSTRIAL,Industrial,Engineering&Construction,Building-Heavy Construct,SR UNSECURED,#N/A,#N/A,#N/A,#N/A,#N/A,#N/A,#N/A,#N/A,N,N,#N/A,#N/A,#N/A,ES,ES,EURO-ZONE
EK0584566,USU44886AG10,HYUNDAI CAPITAL AMERICA,Hyundai Motor America,USD,2/6/2019,#N/A,Corp,INDUSTRIAL,"Consumer, Cyclical",Auto Manufacturers,Auto-Cars/Light Trucks,SR UNSECURED,Baa1,A-,#N/A,#N/A,#N/A,A-,#N/A,#N/A,N,N,#N/A,#N/A,#N/A,US,US,EURO-DOLLAR
EK0758251,FR0011755156,UNEDIC,French Republic,EUR,5/25/2024,#N/A,Govt,GOVT AGENCY,Government,Sovereign,Sovereign Agency,GOVT GUARANTEED,Aa2,AA,#N/A,#N/A,Aa2,AA,#N/A,#N/A,N,N,#N/A,#N/A,National/Sovereign Government,FR,FR,EURO-ZONE
EK2804434,USP1905CAE05,BRF SA,#N/A,USD,5/22/2024,#N/A,Corp,INDUSTRIAL,"Consumer, Non-cyclical",Food,Food-Meat Products,SR UNSECURED,Ba1,BBB,#N/A,#N/A,#N/A,BBB,#N/A,#N/A,N,N,#N/A,#N/A,#N/A,BR,BR,EURO-DOLLAR
EK3240679,IT0005028003,BUONI POLIENNALI DEL TES,Republic of Italy,EUR,12/15/2021,#N/A,Govt,GOVT NATIONAL,Government,Sovereign,Sovereign,BONDS,Baa2,#N/A,AL,#N/A,#N/A,BBB-,#N/A,#N/A,N,N,#N/A,#N/A,#N/A,IT,IT,EURO-ZONE
EK3412989,XS1080330704,REPUBLIC OF ECUADOR,Republic of Ecuador,USD,6/20/2024,#N/A,Govt,GOVT NATIONAL,Government,Sovereign,Sovereign,SR UNSECURED,#N/A,B,#N/A,#N/A,#N/A,B,#N/A,#N/A,N,N,#N/A,#N/A,#N/A,EC,EC,EURO-DOLLAR
EK4694379,DE0001102366,BUNDESREPUB. DEUTSCHLAND,Federal Republic of Germany,EUR,8/15/2024,#N/A,Govt,GOVT NATIONAL,Government,Sovereign,Sovereign,BONDS,Aaa,#N/A,AAA,#N/A,#N/A,AAA,#N/A,#N/A,N,N,#N/A,#N/A,#N/A,DE,DE,EURO-ZONE
EK4720232,USJ0423YBU76,BK TOKYO-MITSUBISHI UFJ,Mitsubishi UFJ Financial Group,USD,9/8/2019,#N/A,Corp,BANK,Financial,Banks,Commer Banks Non-US,SR UNSECURED,A1,A+,#N/A,#N/A,A1,A+,AH,#N/A,N,N,#N/A,#N/A,#N/A,JP,JP,EURO-DOLLAR
EK5106043,XS1114425769,HERO ASIA INVESTMENT LTD,CHINA LONGYUAN,USD,10/3/2017,#N/A,Corp,UTILITY - ELEC,Energy,Energy-Alternate Sources,Energy-Alternate Sources,SR UNSECURED,#N/A,BBB+,#N/A,#N/A,#N/A,BBB+,#N/A,#N/A,N,N,#N/A,#N/A,#N/A,HK,HK,EURO-DOLLAR
EK5150421,IT0005056541,CCTS EU,Republic of Italy,EUR,12/15/2020,#N/A,Govt,GOVT NATIONAL,Government,Sovereign,Sovereign,BONDS,Baa2,#N/A,AL,#N/A,#N/A,BBB-,#N/A,#N/A,N,N,#N/A,#N/A,#N/A,IT,IT,EURO-ZONE
EK5730453,USP9451YAC77,UNION ANDINA DE CEMENTOS,#N/A,USD,10/30/2021,#N/A,Corp,INDUSTRIAL,Industrial,Building Materials,Bldg Prod-Cement/Aggreg,SR UNSECURED,Ba2,BB+,#N/A,#N/A,#N/A,BB+,#N/A,#N/A,Y,N,#N/A,#N/A,#N/A,PE,PE,EURO-DOLLAR
EK6270764,XS1147754797,KFW,Federal Republic of Germany,USD,12/3/2018,#N/A,Corp,BANK,Financial,Banks,Special Purpose Banks,GOVT GUARANTEED,Aaa,AAA,#N/A,#N/A,#N/A,AAA,#N/A,#N/A,N,N,#N/A,#N/A,National/Sovereign Government,DE,DE,EURO MTN
EK6548193,BE0312728976,TREASURY CERTIFICATES,Kingdom of Belgium,EUR,3/10/2016,#N/A,Govt,GOVT NATIONAL,Government,Sovereign,Sovereign,BILLS,#N/A,#N/A,#N/A,#N/A,#N/A,AA,#N/A,#N/A,N,N,#N/A,#N/A,#N/A,BE,BE,EURO-ZONE
EK6593843,BE0312732044,TREASURY CERTIFICATES,Kingdom of Belgium,EUR,7/14/2016,#N/A,Govt,GOVT NATIONAL,Government,Sovereign,Sovereign,BILLS,#N/A,#N/A,#N/A,#N/A,#N/A,AA,#N/A,#N/A,N,N,#N/A,#N/A,#N/A,BE,BE,EURO-ZONE
EK6841549,DE0001102374,BUNDESREPUB. DEUTSCHLAND,Federal Republic of Germany,EUR,2/15/2025,#N/A,Govt,GOVT NATIONAL,Government,Sovereign,Sovereign,BONDS,Aaa,#N/A,#N/A,#N/A,#N/A,AAA,#N/A,#N/A,N,N,#N/A,#N/A,#N/A,DE,DE,EURO-ZONE
EK6991526,XS1171593020,FMS WERTMANAGEMENT,SoFFiN - Sonderfonds Finanzmar,GBP,12/13/2019,#N/A,Corp,SPECIAL PURPOSE,Government,Multi-National,Winding-up Agency,GOVT GUARANTEED,Aaa,AAA,#N/A,#N/A,Aaa,AAA,#N/A,#N/A,N,N,#N/A,#N/A,National/Sovereign Government,DE,DE,EURO MTN
EK7472435,XS1190632999,BNP PARIBAS,#N/A,EUR,2/17/2025,#N/A,Corp,BANK,Financial,Banks,Diversified Banking Inst,SUBORDINATED,Baa2,BBB+,#N/A,#N/A,A1,A+,#N/A,#N/A,N,Y,#N/A,#N/A,#N/A,FR,FR,EURO MTN
EK7932602,ES0L01603114,SPAIN LETRAS DEL TESORO,Kingdom of Spain,EUR,3/11/2016,#N/A,Govt,GOVT NATIONAL,Government,Sovereign,Sovereign,BILLS,#N/A,A-2,R-1L,#N/A,#N/A,BBB+,#N/A,#N/A,N,N,#N/A,#N/A,#N/A,ES,ES,EURO-ZONE
EK8199722,NL0011220108,NETHERLANDS GOVERNMENT,Kingdom of the Netherlands,EUR,7/15/2025,#N/A,Govt,GOVT NATIONAL,Government,Sovereign,Sovereign,BONDS,NR,#N/A,#N/A,#N/A,#N/A,AAA,#N/A,#N/A,N,N,#N/A,#N/A,#N/A,NL,NL,EURO-ZONE
EK8283559,IT0005104473,CCTS EU,Republic of Italy,EUR,6/15/2022,#N/A,Govt,GOVT NATIONAL,Government,Sovereign,Sovereign,BONDS,Baa2,#N/A,#N/A,#N/A,#N/A,BBB-,#N/A,#N/A,N,N,#N/A,#N/A,#N/A,IT,IT,EURO-ZONE
EK9241804,USN82008AB47,SIEMENS FINANCIERINGSMAT,Siemens AG,USD,5/25/2018,#N/A,Corp,INDUSTRIAL,Industrial,Miscellaneous Manufactur,Diversified Manufact Op,COMPANY GUARNT,A1,A+,#N/A,#N/A,#N/A,#N/A,#N/A,#N/A,N,N,#N/A,#N/A,Parent,NL,NL,EURO-DOLLAR
EK9968414,XS1242956966,PERSHING SQUARE HOLDINGS,#N/A,USD,7/15/2022,#N/A,Corp,FINANCIAL,Financial,Diversified Finan Serv,Invest Mgmnt/Advis Serv,SR UNSECURED,#N/A,BBB,#N/A,#N/A,#N/A,BBB,#N/A,#N/A,Y,N,#N/A,#N/A,#N/A,GG,GG,EURO-DOLLAR
EP0482877,BMG162521279,BROOKFIELD INFRASTRUCTUR,#N/A,CAD,#N/A,#N/A,Pfd,UTILITY - ELEC,Utilities,Electric,Electric-Transmission,NEW MONEY,#N/A,BBB-,#N/A,#N/A,#N/A,BBB+,#N/A,#N/A,Y,N,#N/A,#N/A,#N/A,BM,CA,PUBLIC
F40404G45,FR0120746609,FRENCH TREASURY NOTE,French Republic,EUR,7/25/2017,#N/A,Govt,GOVT NATIONAL,Government,Sovereign,Sovereign,NOTES,Aa2,#N/A,AAA,#N/A,#N/A,AA,#N/A,#N/A,N,N,#N/A,#N/A,#N/A,FR,FR,EURO-ZONE
G463CFAA4,XS0326347373,HSBC HOLDINGS PLC,#N/A,GBP,10/18/2022,#N/A,Corp,BANK,Financial,Banks,Diversified Banking Inst,SUBORDINATED,A2,BBB+,#N/A,#N/A,#N/A,A,AAL,#N/A,Y,Y,#N/A,#N/A,#N/A,GB,GB,EURO MTN
GB00BXR83C02,GB00BXR83C02,UK TREASURY BILL GBP,United Kingdom of Great Britai,GBP,8/1/2016,#N/A,Govt,GOVT NATIONAL,Government,Sovereign,Sovereign,BILLS,#N/A,#N/A,#N/A,#N/A,#N/A,AAA,#N/A,#N/A,N,N,#N/A,#N/A,#N/A,GB,GB,DOMESTIC
GG7011974,FR0000570921,FRANCE (GOVT OF),French Republic,EUR,10/25/2019,#N/A,Govt,GOVT NATIONAL,Government,Sovereign,Sovereign,BONDS,Aa2,NR,AAA,#N/A,#N/A,AA,#N/A,#N/A,N,N,#N/A,#N/A,#N/A,FR,FR,EURO-ZONE
GG7302712,IT0001086567,BUONI POLIENNALI DEL TES,Republic of Italy,EUR,11/1/2026,#N/A,Govt,GOVT NATIONAL,Government,Sovereign,Sovereign,BONDS,Baa2,NR,AL,#N/A,#N/A,BBB-,#N/A,#N/A,N,N,#N/A,#N/A,#N/A,IT,IT,EURO-ZONE
J0423YBU7,USJ0423YBU76,BK TOKYO-MITSUBISHI UFJ,Mitsubishi UFJ Financial Group,USD,9/8/2019,#N/A,Corp,BANK,Financial,Banks,Commer Banks Non-US,SR UNSECURED,A1,A+,#N/A,#N/A,A1,A+,AH,#N/A,N,N,#N/A,#N/A,#N/A,JP,JP,EURO-DOLLAR
JV0604795,IT0005154783,BUONI ORDINARI DEL TES,Republic of Italy,EUR,6/30/2016,#N/A,Govt,GOVT NATIONAL,Government,Sovereign,Sovereign,BILLS,#N/A,#N/A,#N/A,#N/A,#N/A,BBB-,#N/A,#N/A,N,N,#N/A,#N/A,#N/A,IT,IT,EURO-ZONE
JV4742062,FR0123447957,FRENCH DISCOUNT T-BILL,French Republic,EUR,4/6/2016,#N/A,Govt,GOVT NATIONAL,Government,Sovereign,Sovereign,BILLS,#N/A,#N/A,#N/A,#N/A,#N/A,AA,#N/A,#N/A,N,N,#N/A,#N/A,#N/A,FR,FR,EURO-ZONE
JV4742419,GB00BXR7PQ57,UK TREASURY BILL GBP,United Kingdom of Great Britai,GBP,7/11/2016,#N/A,Govt,GOVT NATIONAL,Government,Sovereign,Sovereign,BILLS,#N/A,#N/A,#N/A,#N/A,#N/A,AAA,#N/A,#N/A,N,N,#N/A,#N/A,#N/A,GB,GB,DOMESTIC
JV5028461,XS1342516629,BK NEDERLANDSE GEMEENTEN,Kingdom of the Netherlands,EUR,1/12/2026,#N/A,Corp,BANK,Financial,Banks,Special Purpose Banks,SR UNSECURED,Aaa,AAA,#N/A,#N/A,Aaa,AAA,#N/A,#N/A,N,N,#N/A,#N/A,#N/A,NL,NL,EURO MTN
JV5031986,IT0005160111,BUONI ORDINARI DEL TES,Republic of Italy,EUR,1/13/2017,#N/A,Govt,GOVT NATIONAL,Government,Sovereign,Sovereign,BILLS,#N/A,#N/A,#N/A,#N/A,#N/A,BBB-,#N/A,#N/A,N,N,#N/A,#N/A,#N/A,IT,IT,EURO-ZONE
JV5034238,DE0001102390,BUNDESREPUB. DEUTSCHLAND,Federal Republic of Germany,EUR,2/15/2026,#N/A,Govt,GOVT NATIONAL,Government,Sovereign,Sovereign,BONDS,Aaa,#N/A,#N/A,#N/A,#N/A,AAA,#N/A,#N/A,N,N,#N/A,#N/A,#N/A,DE,DE,EURO-ZONE
JV5269404,XS1345415472,SANTANDER UK GROUP HLDGS,Banco Santander SA,GBP,1/14/2026,#N/A,Corp,BANK,Financial,Banks,Commer Banks Non-US,SR UNSECURED,Baa1,BBB,#N/A,#N/A,Baa1,BBB,#N/A,#N/A,N,N,#N/A,#N/A,#N/A,GB,GB,EURO MTN
JV6072112,BE0000337460,BELGIUM KINGDOM,Kingdom of Belgium,EUR,6/22/2026,#N/A,Govt,GOVT NATIONAL,Government,Sovereign,Sovereign,BONDS,NR,#N/A,#N/A,#N/A,#N/A,AA,#N/A,#N/A,N,N,#N/A,#N/A,#N/A,BE,BE,EURO-ZONE
JV6797395,ES0L01701207,SPAIN LETRAS DEL TESORO,Kingdom of Spain,EUR,1/20/2017,#N/A,Govt,GOVT NATIONAL,Government,Sovereign,Sovereign,BILLS,#N/A,#N/A,#N/A,#N/A,#N/A,BBB+,#N/A,#N/A,N,N,#N/A,#N/A,#N/A,ES,ES,EURO-ZONE
JV6811386,FR0013101466,FRANCE (GOVT OF),French Republic,EUR,2/25/2019,#N/A,Govt,GOVT NATIONAL,Government,Sovereign,Sovereign,BONDS,Aa2,#N/A,#N/A,#N/A,#N/A,AA,#N/A,#N/A,N,N,#N/A,#N/A,#N/A,FR,FR,EURO-ZONE
JV6812434,FR0123447965,FRENCH DISCOUNT T-BILL,French Republic,EUR,4/20/2016,#N/A,Govt,GOVT NATIONAL,Government,Sovereign,Sovereign,BILLS,#N/A,#N/A,#N/A,#N/A,#N/A,AA,#N/A,#N/A,N,N,#N/A,#N/A,#N/A,FR,FR,EURO-ZONE
JV7378724,XS1349978855,KEB HANA BANK,Hana Financial Group Inc,USD,1/27/2021,#N/A,Corp,BANK,Financial,Banks,Commer Banks Non-US,SR UNSECURED,A1,A,#N/A,#N/A,#N/A,A,#N/A,#N/A,N,N,#N/A,#N/A,#N/A,KR,KR,EURO MTN
JV7628433,XS1351141541,BK NEDERLANDSE GEMEENTEN,Kingdom of the Netherlands,USD,1/28/2019,#N/A,Corp,BANK,Financial,Banks,Special Purpose Banks,SR UNSECURED,Aaa,AAA,#N/A,#N/A,Aaa,AAA,#N/A,#N/A,N,N,#N/A,#N/A,#N/A,NL,NL,EURO-DOLLAR
JV7903679,XS1353633750,LANDWIRTSCH. RENTENBANK,#N/A,GBP,12/15/2020,#N/A,Corp,BANK,Financial,Banks,Special Purpose Banks,GOVT GUARANTEED,Aaa,AAA,#N/A,#N/A,#N/A,AAA,#N/A,#N/A,N,N,#N/A,#N/A,National/Sovereign Government,DE,DE,EURO MTN
JV7909171,FR0123448021,FRENCH DISCOUNT T-BILL,French Republic,EUR,7/6/2016,#N/A,Govt,GOVT NATIONAL,Government,Sovereign,Sovereign,BILLS,#N/A,#N/A,#N/A,#N/A,#N/A,AA,#N/A,#N/A,N,N,#N/A,#N/A,#N/A,FR,FR,EURO-ZONE
JV8262778,XS1354476175,BK NEDERLANDSE GEMEENTEN,Kingdom of the Netherlands,GBP,3/7/2019,#N/A,Corp,BANK,Financial,Banks,Special Purpose Banks,SR UNSECURED,Aaa,AAA,#N/A,#N/A,Aaa,AAA,#N/A,#N/A,N,N,#N/A,#N/A,#N/A,NL,NL,EURO MTN
JV8402978,FR0013109006,CAISSE D'AMORT DETTE SOC,French Republic,EUR,11/25/2020,#N/A,Govt,GOVT AGENCY,Government,Sovereign,Sovereign Agency,SR UNSECURED,Aa2,#N/A,#N/A,#N/A,#N/A,NR,#N/A,#N/A,N,N,#N/A,#N/A,#N/A,FR,FR,EURO MTN
Q0819ACW8,AU0000XCLWM5,AUSTRALIAN GOVERNMENT,Commonwealth of Australia,AUD,5/15/2021,#N/A,Govt,GOVT NATIONAL,Government,Sovereign,Sovereign,SR UNSECURED,Aaa,#N/A,#N/A,#N/A,#N/A,AAA,#N/A,#N/A,N,N,#N/A,#N/A,#N/A,AU,AU,AUSTRALIAN
Q25738AA5,USQ25738AA54,CNOOC CURTIS FUNDING NO.,CNOOC Gas & Power AUS Investme,USD,10/3/2023,#N/A,Corp,INDUSTRIAL,Energy,Oil&Gas,Oil Comp-Explor&Prodtn,COMPANY GUARNT,Aa3,A+,#N/A,#N/A,#N/A,#N/A,#N/A,#N/A,N,N,#N/A,#N/A,Parent,AU,AU,EURO-DOLLAR
QJ1897827,USJ45992PU24,MIZUHO BANK LTD,Mizuho Financial Group Inc,USD,10/20/2020,#N/A,Corp,BANK,Financial,Banks,Money Center Banks,COMPANY GUARNT,A1,A,#N/A,#N/A,A1,A,#N/A,#N/A,N,N,#N/A,#N/A,Parent,JP,JP,EURO-DOLLAR
QJ7147268,XS1321405968,FCA CAPITAL IRELAND PLC,FCA Bank SpA,EUR,6/13/2018,#N/A,Corp,FINANCIAL,"Consumer, Cyclical",Auto Manufacturers,Auto-Cars/Light Trucks,COMPANY GUARNT,Baa2,BB+,#N/A,#N/A,#N/A,#N/A,#N/A,#N/A,N,N,#N/A,#N/A,Parent,IE,IE,EURO MTN
QJ9383291,BE6282459609,SOLVAY SA,#N/A,EUR,12/2/2022,#N/A,Corp,INDUSTRIAL,Basic Materials,Chemicals,Chemicals-Diversified,SR UNSECURED,Baa2,BBB-,#N/A,#N/A,WR,BBB-,#N/A,#N/A,Y,N,#N/A,#N/A,#N/A,BE,BE,EURO-ZONE
T6026UAE9,IT0004652175,CCTS EU,Republic of Italy,EUR,10/15/2017,#N/A,Govt,GOVT NATIONAL,Government,Sovereign,Sovereign,BONDS,Baa2,#N/A,AL,#N/A,#N/A,BBB-,#N/A,#N/A,N,N,#N/A,#N/A,#N/A,IT,IT,EURO-ZONE
T6031Y104,IT0004545890,BUONI POLIENNALI DEL TES,Republic of Italy,EUR,9/15/2041,#N/A,Govt,GOVT NATIONAL,Government,Sovereign,Sovereign,BONDS,Baa2,NR,AL,#N/A,#N/A,BBB-,#N/A,#N/A,N,N,#N/A,#N/A,#N/A,IT,IT,EURO-ZONE
T6031ZBE0,IT0003745541,BUONI POLIENNALI DEL TES,Republic of Italy,EUR,9/15/2035,#N/A,Govt,GOVT NATIONAL,Government,Sovereign,Sovereign,BONDS,Baa2,NR,AL,#N/A,#N/A,BBB-,#N/A,#N/A,N,N,#N/A,#N/A,#N/A,IT,IT,EURO-ZONE
US0641592136,US0641592136,BANK OF NOVA SCOTIA,#N/A,USD,9/28/2016,#N/A,Corp,BANK,Financial,Banks,Commer Banks Non-US,SR UNSECURED,#N/A,#N/A,#N/A,#N/A,Aa3,A+,AA,#N/A,N,N,#N/A,#N/A,#N/A,CA,CA,DOMESTIC MTN
UV3388856,XS1268337844,KFW,Federal Republic of Germany,GBP,6/5/2020,#N/A,Corp,BANK,Financial,Banks,Special Purpose Banks,GOVT GUARANTEED,Aaa,AAA,#N/A,#N/A,#N/A,AAA,#N/A,#N/A,N,N,#N/A,#N/A,National/Sovereign Government,DE,DE,EURO MTN
UV4915178,DE0001104610,BUNDESSCHATZANWEISUNGEN,Federal Republic of Germany,EUR,9/15/2017,#N/A,Govt,GOVT NATIONAL,Government,Sovereign,Sovereign,BONDS,Aaa,#N/A,#N/A,#N/A,#N/A,AAA,#N/A,#N/A,N,N,#N/A,#N/A,#N/A,DE,DE,EURO-ZONE
UV5535652,XS1280394229,BK NEDERLANDSE GEMEENTEN,Kingdom of the Netherlands,EUR,8/26/2022,#N/A,Corp,BANK,Financial,Banks,Special Purpose Banks,SR UNSECURED,Aaa,AAA,#N/A,#N/A,Aaa,AAA,#N/A,#N/A,N,N,#N/A,#N/A,#N/A,NL,NL,EURO MTN
UV8270471,USJ04306AB22,BK TOKYO-MITSUBISHI UFJ,Mitsubishi UFJ Financial Group,USD,9/14/2018,#N/A,Corp,BANK,Financial,Banks,Commer Banks Non-US,SR UNSECURED,A1,A+,#N/A,#N/A,A1,A+,AH,#N/A,N,N,#N/A,#N/A,#N/A,JP,JP,EURO-DOLLAR
UV8435983,XS1292468045,SHELL INTERNATIONAL FIN,Royal Dutch Shell PLC,EUR,9/15/2025,#N/A,Corp,SPECIAL PURPOSE,Energy,Oil&Gas,Oil Comp-Integrated,COMPANY GUARNT,Aa1,A+,#N/A,#N/A,#N/A,#N/A,#N/A,#N/A,N,N,#N/A,#N/A,Parent,NL,NL,EURO MTN
UV8564998,FR0012968337,FRANCE (GOVT OF),French Republic,EUR,11/25/2020,#N/A,Govt,GOVT NATIONAL,Government,Sovereign,Sovereign,BONDS,Aa2,#N/A,#N/A,#N/A,#N/A,AA,#N/A,#N/A,N,N,#N/A,#N/A,#N/A,FR,FR,EURO-ZONE
UV8667015,CAU60901AB83,MOLSON COORS INTL LP,Molson Coors International Gen,CAD,9/18/2020,#N/A,Corp,INDUSTRIAL,"Consumer, Non-cyclical",Beverages,Brewery,COMPANY GUARNT,Baa2,BBB-,BBB,#N/A,#N/A,#N/A,#N/A,#N/A,N,N,#N/A,#N/A,Parent & Subsidiaries,US,US,CANADIAN
UV9949149,FR0123120190,FRENCH DISCOUNT T-BILL,French Republic,EUR,9/14/2016,#N/A,Govt,GOVT NATIONAL,Government,Sovereign,Sovereign,BILLS,#N/A,#N/A,#N/A,#N/A,#N/A,AA,#N/A,#N/A,N,N,#N/A,#N/A,#N/A,FR,FR,EURO-ZONE
W9478GSX2,SE0002241083,SWEDISH GOVERNMENT,Kingdom of Sweden,SEK,3/12/2019,#N/A,Govt,GOVT NATIONAL,Government,Sovereign,Sovereign,BONDS,Aaa,NR,AAA,#N/A,#N/A,AAA,AAA,#N/A,N,N,#N/A,#N/A,#N/A,SE,SE,DOMESTIC
XS1179405276,XS1179405276,BANK OF NOVA SCOTIA,#N/A,HKD,1/24/2018,#N/A,Corp,BANK,Financial,Banks,Commer Banks Non-US,SR UNSECURED,Aa3,#N/A,#N/A,#N/A,Aa3,A+,AA,#N/A,N,N,#N/A,#N/A,#N/A,CA,CA,EURO MTN
ZZ2021199,GB0009081828,TSY 2 1/2% 2020I/L STOCK,United Kingdom of Great Britai,GBP,4/16/2020,#N/A,Govt,GOVT NATIONAL,Government,Sovereign,Sovereign,BONDS,Aa1,NR,AAA,#N/A,#N/A,AAA,#N/A,#N/A,N,N,#N/A,#N/A,#N/A,GB,GB,UK GILT STOCK
ZZ2071996,GB0008983024,TSY 2 1/2% 2024I/L STOCK,United Kingdom of Great Britai,GBP,7/17/2024,#N/A,Govt,GOVT NATIONAL,Government,Sovereign,Sovereign,BONDS,Aa1,NR,AAA,#N/A,#N/A,AAA,#N/A,#N/A,N,N,#N/A,#N/A,#N/A,GB,GB,UK GILT STOCK